inner_tuples,inner_selectivity,inner_val_max,outer_tuples,outer_selectivity,outer_val_max,groups,hh_groups,hh_probability,threads,repeat,nanoseconds
100,1.000000,99999,100000000,1.000000,99999,100,0,0.000000,1,1,1132840292
100,1.000000,99999,100000000,1.000000,99999,100,0,0.000000,1,2,1128961402
100,1.000000,99999,100000000,1.000000,99999,100,0,0.000000,1,3,1134660326
100,1.000000,99999,100000000,1.000000,99999,100,0,0.000000,1,4,1128326995
100,1.000000,99999,100000000,1.000000,99999,100,0,0.000000,1,5,1128579249
100,1.000000,99999,100000000,1.000000,99999,100,0,0.000000,2,1,580559745
100,1.000000,99999,100000000,1.000000,99999,100,0,0.000000,2,2,576330107
100,1.000000,99999,100000000,1.000000,99999,100,0,0.000000,2,3,575930506
100,1.000000,99999,100000000,1.000000,99999,100,0,0.000000,2,4,576675968
100,1.000000,99999,100000000,1.000000,99999,100,0,0.000000,2,5,576471468
100,1.000000,99999,100000000,1.000000,99999,100,0,0.000000,4,1,294452570
100,1.000000,99999,100000000,1.000000,99999,100,0,0.000000,4,2,298975153
100,1.000000,99999,100000000,1.000000,99999,100,0,0.000000,4,3,293150019
100,1.000000,99999,100000000,1.000000,99999,100,0,0.000000,4,4,295728866
100,1.000000,99999,100000000,1.000000,99999,100,0,0.000000,4,5,295782829
100,1.000000,99999,100000000,1.000000,99999,100,0,0.000000,8,1,222440600
100,1.000000,99999,100000000,1.000000,99999,100,0,0.000000,8,2,225945883
100,1.000000,99999,100000000,1.000000,99999,100,0,0.000000,8,3,214300340
100,1.000000,99999,100000000,1.000000,99999,100,0,0.000000,8,4,209722477
100,1.000000,99999,100000000,1.000000,99999,100,0,0.000000,8,5,176992229
100,1.000000,99999,100000000,1.000000,99999,100,0,0.000000,16,1,152087939
100,1.000000,99999,100000000,1.000000,99999,100,0,0.000000,16,2,156510763
100,1.000000,99999,100000000,1.000000,99999,100,0,0.000000,16,3,145453161
100,1.000000,99999,100000000,1.000000,99999,100,0,0.000000,16,4,133690214
100,1.000000,99999,100000000,1.000000,99999,100,0,0.000000,16,5,135629475
100,1.000000,99999,1000000000,1.000000,99999,10000,0,0.000000,1,1,54168828437
100,1.000000,99999,1000000000,1.000000,99999,10000,0,0.000000,1,2,54178029042
100,1.000000,99999,1000000000,1.000000,99999,10000,0,0.000000,1,3,54196840523
100,1.000000,99999,1000000000,1.000000,99999,10000,0,0.000000,1,4,54201789427
100,1.000000,99999,1000000000,1.000000,99999,10000,0,0.000000,1,5,54214979083
100,1.000000,99999,1000000000,1.000000,99999,10000,0,0.000000,2,1,42254528701
100,1.000000,99999,1000000000,1.000000,99999,10000,0,0.000000,2,2,42288194648
100,1.000000,99999,1000000000,1.000000,99999,10000,0,0.000000,2,3,42275523982
100,1.000000,99999,1000000000,1.000000,99999,10000,0,0.000000,2,4,42232144628
100,1.000000,99999,1000000000,1.000000,99999,10000,0,0.000000,2,5,42232837322
100,1.000000,99999,1000000000,1.000000,99999,10000,0,0.000000,4,1,22400764878
100,1.000000,99999,1000000000,1.000000,99999,10000,0,0.000000,4,2,22399107699
100,1.000000,99999,1000000000,1.000000,99999,10000,0,0.000000,4,3,22387080536
100,1.000000,99999,1000000000,1.000000,99999,10000,0,0.000000,4,4,22478576670
100,1.000000,99999,1000000000,1.000000,99999,10000,0,0.000000,4,5,22363985850
100,1.000000,99999,1000000000,1.000000,99999,10000,0,0.000000,8,1,12384092621
100,1.000000,99999,1000000000,1.000000,99999,10000,0,0.000000,8,2,12365457850
100,1.000000,99999,1000000000,1.000000,99999,10000,0,0.000000,8,3,12370927492
100,1.000000,99999,1000000000,1.000000,99999,10000,0,0.000000,8,4,12450696313
100,1.000000,99999,1000000000,1.000000,99999,10000,0,0.000000,8,5,12363035854
100,1.000000,99999,1000000000,1.000000,99999,10000,0,0.000000,16,1,9168717931
100,1.000000,99999,1000000000,1.000000,99999,10000,0,0.000000,16,2,9166080415
100,1.000000,99999,1000000000,1.000000,99999,10000,0,0.000000,16,3,9350430541
100,1.000000,99999,1000000000,1.000000,99999,10000,0,0.000000,16,4,9157987217
100,1.000000,99999,1000000000,1.000000,99999,10000,0,0.000000,16,5,9160651620
100,1.000000,99999,1000000000,1.000000,99999,1000000,0,0.000000,1,1,74027853999
100,1.000000,99999,1000000000,1.000000,99999,1000000,0,0.000000,1,2,72877827862
100,1.000000,99999,1000000000,1.000000,99999,1000000,0,0.000000,1,3,72904132974
100,1.000000,99999,1000000000,1.000000,99999,1000000,0,0.000000,1,4,72827280590
100,1.000000,99999,1000000000,1.000000,99999,1000000,0,0.000000,1,5,72884758530
100,1.000000,99999,1000000000,1.000000,99999,1000000,0,0.000000,2,1,39156503613
100,1.000000,99999,1000000000,1.000000,99999,1000000,0,0.000000,2,2,39155784883
100,1.000000,99999,1000000000,1.000000,99999,1000000,0,0.000000,2,3,39117444143
100,1.000000,99999,1000000000,1.000000,99999,1000000,0,0.000000,2,4,39178341026
100,1.000000,99999,1000000000,1.000000,99999,1000000,0,0.000000,2,5,39112922073
100,1.000000,99999,1000000000,1.000000,99999,1000000,0,0.000000,4,1,20086683386
100,1.000000,99999,1000000000,1.000000,99999,1000000,0,0.000000,4,2,20066714598
100,1.000000,99999,1000000000,1.000000,99999,1000000,0,0.000000,4,3,20103655747
100,1.000000,99999,1000000000,1.000000,99999,1000000,0,0.000000,4,4,20135995074
100,1.000000,99999,1000000000,1.000000,99999,1000000,0,0.000000,4,5,20138845457
100,1.000000,99999,1000000000,1.000000,99999,1000000,0,0.000000,8,1,10923066982
100,1.000000,99999,1000000000,1.000000,99999,1000000,0,0.000000,8,2,10847030473
100,1.000000,99999,1000000000,1.000000,99999,1000000,0,0.000000,8,3,10927954609
100,1.000000,99999,1000000000,1.000000,99999,1000000,0,0.000000,8,4,10914632525
100,1.000000,99999,1000000000,1.000000,99999,1000000,0,0.000000,8,5,10891321645
100,1.000000,99999,1000000000,1.000000,99999,1000000,0,0.000000,16,1,9021743784
100,1.000000,99999,1000000000,1.000000,99999,1000000,0,0.000000,16,2,8988332141
100,1.000000,99999,1000000000,1.000000,99999,1000000,0,0.000000,16,3,8999085452
100,1.000000,99999,1000000000,1.000000,99999,1000000,0,0.000000,16,4,9053654377
100,1.000000,99999,1000000000,1.000000,99999,1000000,0,0.000000,16,5,9004555100
100,1.000000,99999,1000000000,1.000000,99999,100000000,0,0.000000,1,1,83205034344
100,1.000000,99999,1000000000,1.000000,99999,100000000,0,0.000000,1,2,83185025615
100,1.000000,99999,1000000000,1.000000,99999,100000000,0,0.000000,1,3,83301039299
100,1.000000,99999,1000000000,1.000000,99999,100000000,0,0.000000,1,4,83245137217
100,1.000000,99999,1000000000,1.000000,99999,100000000,0,0.000000,1,5,84349540146
100,1.000000,99999,1000000000,1.000000,99999,100000000,0,0.000000,2,1,41481269420
100,1.000000,99999,1000000000,1.000000,99999,100000000,0,0.000000,2,2,41503069317
100,1.000000,99999,1000000000,1.000000,99999,100000000,0,0.000000,2,3,42083057729
100,1.000000,99999,1000000000,1.000000,99999,100000000,0,0.000000,2,4,41505851333
100,1.000000,99999,1000000000,1.000000,99999,100000000,0,0.000000,2,5,41499625559
100,1.000000,99999,1000000000,1.000000,99999,100000000,0,0.000000,4,1,21411400167
100,1.000000,99999,1000000000,1.000000,99999,100000000,0,0.000000,4,2,21873147464
100,1.000000,99999,1000000000,1.000000,99999,100000000,0,0.000000,4,3,21419535474
100,1.000000,99999,1000000000,1.000000,99999,100000000,0,0.000000,4,4,21828577839
100,1.000000,99999,1000000000,1.000000,99999,100000000,0,0.000000,4,5,21948234490
100,1.000000,99999,1000000000,1.000000,99999,100000000,0,0.000000,8,1,11993190164
100,1.000000,99999,1000000000,1.000000,99999,100000000,0,0.000000,8,2,11849070704
100,1.000000,99999,1000000000,1.000000,99999,100000000,0,0.000000,8,3,11959967057
100,1.000000,99999,1000000000,1.000000,99999,100000000,0,0.000000,8,4,11812755617
100,1.000000,99999,1000000000,1.000000,99999,100000000,0,0.000000,8,5,11797900504
100,1.000000,99999,1000000000,1.000000,99999,100000000,0,0.000000,16,1,9709402787
100,1.000000,99999,1000000000,1.000000,99999,100000000,0,0.000000,16,2,9688288280
100,1.000000,99999,1000000000,1.000000,99999,100000000,0,0.000000,16,3,9705953707
100,1.000000,99999,1000000000,1.000000,99999,100000000,0,0.000000,16,4,9673123302
100,1.000000,99999,1000000000,1.000000,99999,100000000,0,0.000000,16,5,9690666482
100,1.000000,99999,1000000000,1.000000,99999,100000000,100,0.500000,1,1,60250285585
100,1.000000,99999,1000000000,1.000000,99999,100000000,100,0.500000,1,2,60210308155
100,1.000000,99999,1000000000,1.000000,99999,100000000,100,0.500000,1,3,60218668492
100,1.000000,99999,1000000000,1.000000,99999,100000000,100,0.500000,1,4,60265099235
100,1.000000,99999,1000000000,1.000000,99999,100000000,100,0.500000,1,5,60282621381
100,1.000000,99999,1000000000,1.000000,99999,100000000,100,0.500000,2,1,31272653210
100,1.000000,99999,1000000000,1.000000,99999,100000000,100,0.500000,2,2,31286972586
100,1.000000,99999,1000000000,1.000000,99999,100000000,100,0.500000,2,3,31575314085
100,1.000000,99999,1000000000,1.000000,99999,100000000,100,0.500000,2,4,31244616064
100,1.000000,99999,1000000000,1.000000,99999,100000000,100,0.500000,2,5,31232596830
100,1.000000,99999,1000000000,1.000000,99999,100000000,100,0.500000,4,1,16029104907
100,1.000000,99999,1000000000,1.000000,99999,100000000,100,0.500000,4,2,16079707045
100,1.000000,99999,1000000000,1.000000,99999,100000000,100,0.500000,4,3,16087250238
100,1.000000,99999,1000000000,1.000000,99999,100000000,100,0.500000,4,4,16218401484
100,1.000000,99999,1000000000,1.000000,99999,100000000,100,0.500000,4,5,16260449618
100,1.000000,99999,1000000000,1.000000,99999,100000000,100,0.500000,8,1,8814785334
100,1.000000,99999,1000000000,1.000000,99999,100000000,100,0.500000,8,2,8793999838
100,1.000000,99999,1000000000,1.000000,99999,100000000,100,0.500000,8,3,8788428034
100,1.000000,99999,1000000000,1.000000,99999,100000000,100,0.500000,8,4,8785037028
100,1.000000,99999,1000000000,1.000000,99999,100000000,100,0.500000,8,5,8814479913
100,1.000000,99999,1000000000,1.000000,99999,100000000,100,0.500000,16,1,7037068459
100,1.000000,99999,1000000000,1.000000,99999,100000000,100,0.500000,16,2,6985113954
100,1.000000,99999,1000000000,1.000000,99999,100000000,100,0.500000,16,3,6987879566
100,1.000000,99999,1000000000,1.000000,99999,100000000,100,0.500000,16,4,6990911640
100,1.000000,99999,1000000000,1.000000,99999,100000000,100,0.500000,16,5,6985237436
100,1.000000,99999,1000000000,1.000000,99999,100000000,100,1.000000,1,1,24939401584
100,1.000000,99999,1000000000,1.000000,99999,100000000,100,1.000000,1,2,25405784534
100,1.000000,99999,1000000000,1.000000,99999,100000000,100,1.000000,1,3,24962403249
100,1.000000,99999,1000000000,1.000000,99999,100000000,100,1.000000,1,4,24959348721
100,1.000000,99999,1000000000,1.000000,99999,100000000,100,1.000000,1,5,24937759471
100,1.000000,99999,1000000000,1.000000,99999,100000000,100,1.000000,2,1,12936735540
100,1.000000,99999,1000000000,1.000000,99999,100000000,100,1.000000,2,2,13172403122
100,1.000000,99999,1000000000,1.000000,99999,100000000,100,1.000000,2,3,13197655858
100,1.000000,99999,1000000000,1.000000,99999,100000000,100,1.000000,2,4,13103722797
100,1.000000,99999,1000000000,1.000000,99999,100000000,100,1.000000,2,5,13111639097
100,1.000000,99999,1000000000,1.000000,99999,100000000,100,1.000000,4,1,6874622859
100,1.000000,99999,1000000000,1.000000,99999,100000000,100,1.000000,4,2,6891593464
100,1.000000,99999,1000000000,1.000000,99999,100000000,100,1.000000,4,3,6861435137
100,1.000000,99999,1000000000,1.000000,99999,100000000,100,1.000000,4,4,6932114489
100,1.000000,99999,1000000000,1.000000,99999,100000000,100,1.000000,4,5,6960878325
100,1.000000,99999,1000000000,1.000000,99999,100000000,100,1.000000,8,1,4093056095
100,1.000000,99999,1000000000,1.000000,99999,100000000,100,1.000000,8,2,4045649753
100,1.000000,99999,1000000000,1.000000,99999,100000000,100,1.000000,8,3,4093972510
100,1.000000,99999,1000000000,1.000000,99999,100000000,100,1.000000,8,4,4176944673
100,1.000000,99999,1000000000,1.000000,99999,100000000,100,1.000000,8,5,4107026782
100,1.000000,99999,1000000000,1.000000,99999,100000000,100,1.000000,16,1,3087169513
100,1.000000,99999,1000000000,1.000000,99999,100000000,100,1.000000,16,2,3173505244
100,1.000000,99999,1000000000,1.000000,99999,100000000,100,1.000000,16,3,3123854156
100,1.000000,99999,1000000000,1.000000,99999,100000000,100,1.000000,16,4,3081556173
100,1.000000,99999,1000000000,1.000000,99999,100000000,100,1.000000,16,5,3077314129
100,1.000000,99999,1000000000,1.000000,99999,100000000,10000,1.000000,1,1,59524224178
100,1.000000,99999,1000000000,1.000000,99999,100000000,10000,1.000000,1,2,59511399332
100,1.000000,99999,1000000000,1.000000,99999,100000000,10000,1.000000,1,3,59545723309
100,1.000000,99999,1000000000,1.000000,99999,100000000,10000,1.000000,1,4,59518287457
100,1.000000,99999,1000000000,1.000000,99999,100000000,10000,1.000000,1,5,59512474952
100,1.000000,99999,1000000000,1.000000,99999,100000000,10000,1.000000,2,1,34698843886
100,1.000000,99999,1000000000,1.000000,99999,100000000,10000,1.000000,2,2,34272010983
100,1.000000,99999,1000000000,1.000000,99999,100000000,10000,1.000000,2,3,34269347564
100,1.000000,99999,1000000000,1.000000,99999,100000000,10000,1.000000,2,4,34753591664
100,1.000000,99999,1000000000,1.000000,99999,100000000,10000,1.000000,2,5,34583480128
100,1.000000,99999,1000000000,1.000000,99999,100000000,10000,1.000000,4,1,17769890243
100,1.000000,99999,1000000000,1.000000,99999,100000000,10000,1.000000,4,2,17914319304
100,1.000000,99999,1000000000,1.000000,99999,100000000,10000,1.000000,4,3,17723958324
100,1.000000,99999,1000000000,1.000000,99999,100000000,10000,1.000000,4,4,17737362975
100,1.000000,99999,1000000000,1.000000,99999,100000000,10000,1.000000,4,5,17735478843
100,1.000000,99999,1000000000,1.000000,99999,100000000,10000,1.000000,8,1,9586278725
100,1.000000,99999,1000000000,1.000000,99999,100000000,10000,1.000000,8,2,9591508252
100,1.000000,99999,1000000000,1.000000,99999,100000000,10000,1.000000,8,3,9522956163
100,1.000000,99999,1000000000,1.000000,99999,100000000,10000,1.000000,8,4,9585181512
100,1.000000,99999,1000000000,1.000000,99999,100000000,10000,1.000000,8,5,9803272600
100,1.000000,99999,1000000000,1.000000,99999,100000000,10000,1.000000,16,1,7726697010
100,1.000000,99999,1000000000,1.000000,99999,100000000,10000,1.000000,16,2,7613788819
100,1.000000,99999,1000000000,1.000000,99999,100000000,10000,1.000000,16,3,7548581778
100,1.000000,99999,1000000000,1.000000,99999,100000000,10000,1.000000,16,4,7534970926
100,1.000000,99999,1000000000,1.000000,99999,100000000,10000,1.000000,16,5,7558374656
100000,1.000000,99999,1000000000,1.000000,99999,100,0,0.000000,1,1,15380180817
100000,1.000000,99999,1000000000,1.000000,99999,100,0,0.000000,1,2,15343925804
100000,1.000000,99999,1000000000,1.000000,99999,100,0,0.000000,1,3,15386104665
100000,1.000000,99999,1000000000,1.000000,99999,100,0,0.000000,1,4,15514653235
100000,1.000000,99999,1000000000,1.000000,99999,100,0,0.000000,1,5,15389010947
100000,1.000000,99999,1000000000,1.000000,99999,100,0,0.000000,2,1,7772074173
100000,1.000000,99999,1000000000,1.000000,99999,100,0,0.000000,2,2,7780506871
100000,1.000000,99999,1000000000,1.000000,99999,100,0,0.000000,2,3,7702668686
100000,1.000000,99999,1000000000,1.000000,99999,100,0,0.000000,2,4,7691777893
100000,1.000000,99999,1000000000,1.000000,99999,100,0,0.000000,2,5,7756872176
100000,1.000000,99999,1000000000,1.000000,99999,100,0,0.000000,4,1,3897353244
100000,1.000000,99999,1000000000,1.000000,99999,100,0,0.000000,4,2,3911551352
100000,1.000000,99999,1000000000,1.000000,99999,100,0,0.000000,4,3,3915323356
100000,1.000000,99999,1000000000,1.000000,99999,100,0,0.000000,4,4,3908691677
100000,1.000000,99999,1000000000,1.000000,99999,100,0,0.000000,4,5,3911605141
100000,1.000000,99999,1000000000,1.000000,99999,100,0,0.000000,8,1,2135595204
100000,1.000000,99999,1000000000,1.000000,99999,100,0,0.000000,8,2,2103983441
100000,1.000000,99999,1000000000,1.000000,99999,100,0,0.000000,8,3,2199878112
100000,1.000000,99999,1000000000,1.000000,99999,100,0,0.000000,8,4,2180193146
100000,1.000000,99999,1000000000,1.000000,99999,100,0,0.000000,8,5,2189153761
100000,1.000000,99999,1000000000,1.000000,99999,100,0,0.000000,16,1,1658797146
100000,1.000000,99999,1000000000,1.000000,99999,100,0,0.000000,16,2,1625318616
100000,1.000000,99999,1000000000,1.000000,99999,100,0,0.000000,16,3,1629661918
100000,1.000000,99999,1000000000,1.000000,99999,100,0,0.000000,16,4,1623848176
100000,1.000000,99999,1000000000,1.000000,99999,100,0,0.000000,16,5,1617364584
100000,1.000000,99999,1000000000,1.000000,99999,10000,0,0.000000,1,1,59129647023
100000,1.000000,99999,1000000000,1.000000,99999,10000,0,0.000000,1,2,59109991463
100000,1.000000,99999,1000000000,1.000000,99999,10000,0,0.000000,1,3,59084526449
100000,1.000000,99999,1000000000,1.000000,99999,10000,0,0.000000,1,4,59161130772
100000,1.000000,99999,1000000000,1.000000,99999,10000,0,0.000000,1,5,59157199360
100000,1.000000,99999,1000000000,1.000000,99999,10000,0,0.000000,2,1,44416182152
100000,1.000000,99999,1000000000,1.000000,99999,10000,0,0.000000,2,2,44148605637
100000,1.000000,99999,1000000000,1.000000,99999,10000,0,0.000000,2,3,44109734462
100000,1.000000,99999,1000000000,1.000000,99999,10000,0,0.000000,2,4,44394514295
100000,1.000000,99999,1000000000,1.000000,99999,10000,0,0.000000,2,5,44105418868
100000,1.000000,99999,1000000000,1.000000,99999,10000,0,0.000000,4,1,23181141302
100000,1.000000,99999,1000000000,1.000000,99999,10000,0,0.000000,4,2,23177684982
100000,1.000000,99999,1000000000,1.000000,99999,10000,0,0.000000,4,3,23209546159
100000,1.000000,99999,1000000000,1.000000,99999,10000,0,0.000000,4,4,23110012262
100000,1.000000,99999,1000000000,1.000000,99999,10000,0,0.000000,4,5,23300258931
100000,1.000000,99999,1000000000,1.000000,99999,10000,0,0.000000,8,1,12586664583
100000,1.000000,99999,1000000000,1.000000,99999,10000,0,0.000000,8,2,12599797198
100000,1.000000,99999,1000000000,1.000000,99999,10000,0,0.000000,8,3,12526800570
100000,1.000000,99999,1000000000,1.000000,99999,10000,0,0.000000,8,4,12633668310
100000,1.000000,99999,1000000000,1.000000,99999,10000,0,0.000000,8,5,12596758080
100000,1.000000,99999,1000000000,1.000000,99999,10000,0,0.000000,16,1,9457404536
100000,1.000000,99999,1000000000,1.000000,99999,10000,0,0.000000,16,2,9441808948
100000,1.000000,99999,1000000000,1.000000,99999,10000,0,0.000000,16,3,9451351746
100000,1.000000,99999,1000000000,1.000000,99999,10000,0,0.000000,16,4,9447661602
100000,1.000000,99999,1000000000,1.000000,99999,10000,0,0.000000,16,5,9443945422
100000,1.000000,99999,1000000000,1.000000,99999,1000000,0,0.000000,1,1,87161924958
100000,1.000000,99999,1000000000,1.000000,99999,1000000,0,0.000000,1,2,85980998067
100000,1.000000,99999,1000000000,1.000000,99999,1000000,0,0.000000,1,3,87124189400
100000,1.000000,99999,1000000000,1.000000,99999,1000000,0,0.000000,1,4,86031794769
100000,1.000000,99999,1000000000,1.000000,99999,1000000,0,0.000000,1,5,86992121281
100000,1.000000,99999,1000000000,1.000000,99999,1000000,0,0.000000,2,1,43687691906
100000,1.000000,99999,1000000000,1.000000,99999,1000000,0,0.000000,2,2,43689787920
100000,1.000000,99999,1000000000,1.000000,99999,1000000,0,0.000000,2,3,43672531436
100000,1.000000,99999,1000000000,1.000000,99999,1000000,0,0.000000,2,4,43684129239
100000,1.000000,99999,1000000000,1.000000,99999,1000000,0,0.000000,2,5,44097379820
100000,1.000000,99999,1000000000,1.000000,99999,1000000,0,0.000000,4,1,22790605662
100000,1.000000,99999,1000000000,1.000000,99999,1000000,0,0.000000,4,2,22529215253
100000,1.000000,99999,1000000000,1.000000,99999,1000000,0,0.000000,4,3,22756682202
100000,1.000000,99999,1000000000,1.000000,99999,1000000,0,0.000000,4,4,22827669821
100000,1.000000,99999,1000000000,1.000000,99999,1000000,0,0.000000,4,5,22521465420
100000,1.000000,99999,1000000000,1.000000,99999,1000000,0,0.000000,8,1,12362631154
100000,1.000000,99999,1000000000,1.000000,99999,1000000,0,0.000000,8,2,12247050469
100000,1.000000,99999,1000000000,1.000000,99999,1000000,0,0.000000,8,3,12372340285
100000,1.000000,99999,1000000000,1.000000,99999,1000000,0,0.000000,8,4,12338918232
100000,1.000000,99999,1000000000,1.000000,99999,1000000,0,0.000000,8,5,12296789597
100000,1.000000,99999,1000000000,1.000000,99999,1000000,0,0.000000,16,1,9964545050
100000,1.000000,99999,1000000000,1.000000,99999,1000000,0,0.000000,16,2,9919896643
100000,1.000000,99999,1000000000,1.000000,99999,1000000,0,0.000000,16,3,9900684958
100000,1.000000,99999,1000000000,1.000000,99999,1000000,0,0.000000,16,4,9905251247
100000,1.000000,99999,1000000000,1.000000,99999,1000000,0,0.000000,16,5,9898732713
100000,1.000000,99999,1000000000,1.000000,99999,100000000,0,0.000000,1,1,94543279173
100000,1.000000,99999,1000000000,1.000000,99999,100000000,0,0.000000,1,2,94552669584
100000,1.000000,99999,1000000000,1.000000,99999,100000000,0,0.000000,1,3,94579349110
100000,1.000000,99999,1000000000,1.000000,99999,100000000,0,0.000000,1,4,94523215685
100000,1.000000,99999,1000000000,1.000000,99999,100000000,0,0.000000,1,5,95604044303
100000,1.000000,99999,1000000000,1.000000,99999,100000000,0,0.000000,2,1,46140047633
100000,1.000000,99999,1000000000,1.000000,99999,100000000,0,0.000000,2,2,46109529758
100000,1.000000,99999,1000000000,1.000000,99999,100000000,0,0.000000,2,3,46116261150
100000,1.000000,99999,1000000000,1.000000,99999,100000000,0,0.000000,2,4,46607670719
100000,1.000000,99999,1000000000,1.000000,99999,100000000,0,0.000000,2,5,46675514559
100000,1.000000,99999,1000000000,1.000000,99999,100000000,0,0.000000,4,1,24206310433
100000,1.000000,99999,1000000000,1.000000,99999,100000000,0,0.000000,4,2,24144556818
100000,1.000000,99999,1000000000,1.000000,99999,100000000,0,0.000000,4,3,24271480031
100000,1.000000,99999,1000000000,1.000000,99999,100000000,0,0.000000,4,4,24141829841
100000,1.000000,99999,1000000000,1.000000,99999,100000000,0,0.000000,4,5,24027766495
100000,1.000000,99999,1000000000,1.000000,99999,100000000,0,0.000000,8,1,13044795078
100000,1.000000,99999,1000000000,1.000000,99999,100000000,0,0.000000,8,2,13146840721
100000,1.000000,99999,1000000000,1.000000,99999,100000000,0,0.000000,8,3,13124509574
100000,1.000000,99999,1000000000,1.000000,99999,100000000,0,0.000000,8,4,13179997759
100000,1.000000,99999,1000000000,1.000000,99999,100000000,0,0.000000,8,5,13126897926
100000,1.000000,99999,1000000000,1.000000,99999,100000000,0,0.000000,16,1,10658982252
100000,1.000000,99999,1000000000,1.000000,99999,100000000,0,0.000000,16,2,10631237702
100000,1.000000,99999,1000000000,1.000000,99999,100000000,0,0.000000,16,3,10652047514
100000,1.000000,99999,1000000000,1.000000,99999,100000000,0,0.000000,16,4,10623041004
100000,1.000000,99999,1000000000,1.000000,99999,100000000,0,0.000000,16,5,10630936821
100000,1.000000,99999,1000000000,1.000000,99999,100000000,100,0.500000,1,1,69097942321
100000,1.000000,99999,1000000000,1.000000,99999,100000000,100,0.500000,1,2,69098245159
100000,1.000000,99999,1000000000,1.000000,99999,100000000,100,0.500000,1,3,69025020366
100000,1.000000,99999,1000000000,1.000000,99999,100000000,100,0.500000,1,4,69034566385
100000,1.000000,99999,1000000000,1.000000,99999,100000000,100,0.500000,1,5,69082577196
100000,1.000000,99999,1000000000,1.000000,99999,100000000,100,0.500000,2,1,35634076096
100000,1.000000,99999,1000000000,1.000000,99999,100000000,100,0.500000,2,2,35618939454
100000,1.000000,99999,1000000000,1.000000,99999,100000000,100,0.500000,2,3,35728320654
100000,1.000000,99999,1000000000,1.000000,99999,100000000,100,0.500000,2,4,35750062719
100000,1.000000,99999,1000000000,1.000000,99999,100000000,100,0.500000,2,5,35789745038
100000,1.000000,99999,1000000000,1.000000,99999,100000000,100,0.500000,4,1,18071770989
100000,1.000000,99999,1000000000,1.000000,99999,100000000,100,0.500000,4,2,18108860499
100000,1.000000,99999,1000000000,1.000000,99999,100000000,100,0.500000,4,3,18043826463
100000,1.000000,99999,1000000000,1.000000,99999,100000000,100,0.500000,4,4,18208874265
100000,1.000000,99999,1000000000,1.000000,99999,100000000,100,0.500000,4,5,18423360744
100000,1.000000,99999,1000000000,1.000000,99999,100000000,100,0.500000,8,1,9888416648
100000,1.000000,99999,1000000000,1.000000,99999,100000000,100,0.500000,8,2,9809716517
100000,1.000000,99999,1000000000,1.000000,99999,100000000,100,0.500000,8,3,9917937349
100000,1.000000,99999,1000000000,1.000000,99999,100000000,100,0.500000,8,4,9814203897
100000,1.000000,99999,1000000000,1.000000,99999,100000000,100,0.500000,8,5,9865173488
100000,1.000000,99999,1000000000,1.000000,99999,100000000,100,0.500000,16,1,7763998527
100000,1.000000,99999,1000000000,1.000000,99999,100000000,100,0.500000,16,2,7730789701
100000,1.000000,99999,1000000000,1.000000,99999,100000000,100,0.500000,16,3,7737379528
100000,1.000000,99999,1000000000,1.000000,99999,100000000,100,0.500000,16,4,7729559879
100000,1.000000,99999,1000000000,1.000000,99999,100000000,100,0.500000,16,5,7752115634
100000,1.000000,99999,1000000000,1.000000,99999,100000000,100,1.000000,1,1,30184087008
100000,1.000000,99999,1000000000,1.000000,99999,100000000,100,1.000000,1,2,30696092575
100000,1.000000,99999,1000000000,1.000000,99999,100000000,100,1.000000,1,3,30174679109
100000,1.000000,99999,1000000000,1.000000,99999,100000000,100,1.000000,1,4,30168851199
100000,1.000000,99999,1000000000,1.000000,99999,100000000,100,1.000000,1,5,30189410196
100000,1.000000,99999,1000000000,1.000000,99999,100000000,100,1.000000,2,1,15205279895
100000,1.000000,99999,1000000000,1.000000,99999,100000000,100,1.000000,2,2,15197244167
100000,1.000000,99999,1000000000,1.000000,99999,100000000,100,1.000000,2,3,15141504806
100000,1.000000,99999,1000000000,1.000000,99999,100000000,100,1.000000,2,4,15150125956
100000,1.000000,99999,1000000000,1.000000,99999,100000000,100,1.000000,2,5,15156184998
100000,1.000000,99999,1000000000,1.000000,99999,100000000,100,1.000000,4,1,8020947444
100000,1.000000,99999,1000000000,1.000000,99999,100000000,100,1.000000,4,2,8007693250
100000,1.000000,99999,1000000000,1.000000,99999,100000000,100,1.000000,4,3,8134831357
100000,1.000000,99999,1000000000,1.000000,99999,100000000,100,1.000000,4,4,7977969574
100000,1.000000,99999,1000000000,1.000000,99999,100000000,100,1.000000,4,5,7999256474
100000,1.000000,99999,1000000000,1.000000,99999,100000000,100,1.000000,8,1,4644890476
100000,1.000000,99999,1000000000,1.000000,99999,100000000,100,1.000000,8,2,4667197201
100000,1.000000,99999,1000000000,1.000000,99999,100000000,100,1.000000,8,3,4642656757
100000,1.000000,99999,1000000000,1.000000,99999,100000000,100,1.000000,8,4,4625334259
100000,1.000000,99999,1000000000,1.000000,99999,100000000,100,1.000000,8,5,4645964615
100000,1.000000,99999,1000000000,1.000000,99999,100000000,100,1.000000,16,1,3558921921
100000,1.000000,99999,1000000000,1.000000,99999,100000000,100,1.000000,16,2,3658507123
100000,1.000000,99999,1000000000,1.000000,99999,100000000,100,1.000000,16,3,3491435571
100000,1.000000,99999,1000000000,1.000000,99999,100000000,100,1.000000,16,4,3497840975
100000,1.000000,99999,1000000000,1.000000,99999,100000000,100,1.000000,16,5,3668890855
100000,1.000000,99999,1000000000,1.000000,99999,100000000,10000,1.000000,1,1,62719860516
100000,1.000000,99999,1000000000,1.000000,99999,100000000,10000,1.000000,1,2,62748046757
100000,1.000000,99999,1000000000,1.000000,99999,100000000,10000,1.000000,1,3,62771449004
100000,1.000000,99999,1000000000,1.000000,99999,100000000,10000,1.000000,1,4,62751112439
100000,1.000000,99999,1000000000,1.000000,99999,100000000,10000,1.000000,1,5,62763891434
100000,1.000000,99999,1000000000,1.000000,99999,100000000,10000,1.000000,2,1,36264450004
100000,1.000000,99999,1000000000,1.000000,99999,100000000,10000,1.000000,2,2,36259060908
100000,1.000000,99999,1000000000,1.000000,99999,100000000,10000,1.000000,2,3,36237488701
100000,1.000000,99999,1000000000,1.000000,99999,100000000,10000,1.000000,2,4,36358755297
100000,1.000000,99999,1000000000,1.000000,99999,100000000,10000,1.000000,2,5,36401767197
100000,1.000000,99999,1000000000,1.000000,99999,100000000,10000,1.000000,4,1,18487443348
100000,1.000000,99999,1000000000,1.000000,99999,100000000,10000,1.000000,4,2,18670319361
100000,1.000000,99999,1000000000,1.000000,99999,100000000,10000,1.000000,4,3,18507952813
100000,1.000000,99999,1000000000,1.000000,99999,100000000,10000,1.000000,4,4,18489782084
100000,1.000000,99999,1000000000,1.000000,99999,100000000,10000,1.000000,4,5,18455546247
100000,1.000000,99999,1000000000,1.000000,99999,100000000,10000,1.000000,8,1,10010872847
100000,1.000000,99999,1000000000,1.000000,99999,100000000,10000,1.000000,8,2,10000486900
100000,1.000000,99999,1000000000,1.000000,99999,100000000,10000,1.000000,8,3,10028782203
100000,1.000000,99999,1000000000,1.000000,99999,100000000,10000,1.000000,8,4,9982334064
100000,1.000000,99999,1000000000,1.000000,99999,100000000,10000,1.000000,8,5,9978563750
100000,1.000000,99999,1000000000,1.000000,99999,100000000,10000,1.000000,16,1,7848222712
100000,1.000000,99999,1000000000,1.000000,99999,100000000,10000,1.000000,16,2,7821134922
100000,1.000000,99999,1000000000,1.000000,99999,100000000,10000,1.000000,16,3,7825942776
100000,1.000000,99999,1000000000,1.000000,99999,100000000,10000,1.000000,16,4,7816079588
100000,1.000000,99999,1000000000,1.000000,99999,100000000,10000,1.000000,16,5,7821272535
100000000,1.000000,99999,1000000000,1.000000,99999,100,0,0.000000,1,1,40014880647
100000000,1.000000,99999,1000000000,1.000000,99999,100,0,0.000000,1,2,39929962117
100000000,1.000000,99999,1000000000,1.000000,99999,100,0,0.000000,1,3,40600415341
100000000,1.000000,99999,1000000000,1.000000,99999,100,0,0.000000,1,4,39996950668
100000000,1.000000,99999,1000000000,1.000000,99999,100,0,0.000000,1,5,39913304922
100000000,1.000000,99999,1000000000,1.000000,99999,100,0,0.000000,2,1,19713385200
100000000,1.000000,99999,1000000000,1.000000,99999,100,0,0.000000,2,2,19690194487
100000000,1.000000,99999,1000000000,1.000000,99999,100,0,0.000000,2,3,19684014205
100000000,1.000000,99999,1000000000,1.000000,99999,100,0,0.000000,2,4,19702257590
100000000,1.000000,99999,1000000000,1.000000,99999,100,0,0.000000,2,5,19717304634
100000000,1.000000,99999,1000000000,1.000000,99999,100,0,0.000000,4,1,10279228905
100000000,1.000000,99999,1000000000,1.000000,99999,100,0,0.000000,4,2,10508900201
100000000,1.000000,99999,1000000000,1.000000,99999,100,0,0.000000,4,3,10392960848
100000000,1.000000,99999,1000000000,1.000000,99999,100,0,0.000000,4,4,10279210756
100000000,1.000000,99999,1000000000,1.000000,99999,100,0,0.000000,4,5,10548477474
100000000,1.000000,99999,1000000000,1.000000,99999,100,0,0.000000,8,1,5879988488
100000000,1.000000,99999,1000000000,1.000000,99999,100,0,0.000000,8,2,5846468632
100000000,1.000000,99999,1000000000,1.000000,99999,100,0,0.000000,8,3,5953193711
100000000,1.000000,99999,1000000000,1.000000,99999,100,0,0.000000,8,4,5950390747
100000000,1.000000,99999,1000000000,1.000000,99999,100,0,0.000000,8,5,5869735871
100000000,1.000000,99999,1000000000,1.000000,99999,100,0,0.000000,16,1,5091852751
100000000,1.000000,99999,1000000000,1.000000,99999,100,0,0.000000,16,2,5054143523
100000000,1.000000,99999,1000000000,1.000000,99999,100,0,0.000000,16,3,5065095838
100000000,1.000000,99999,1000000000,1.000000,99999,100,0,0.000000,16,4,5060053471
100000000,1.000000,99999,1000000000,1.000000,99999,100,0,0.000000,16,5,5057815031
100000000,1.000000,99999,1000000000,1.000000,99999,10000,0,0.000000,1,1,90446103402
100000000,1.000000,99999,1000000000,1.000000,99999,10000,0,0.000000,1,2,90433913447
100000000,1.000000,99999,1000000000,1.000000,99999,10000,0,0.000000,1,3,90256720021
100000000,1.000000,99999,1000000000,1.000000,99999,10000,0,0.000000,1,4,90573267933
100000000,1.000000,99999,1000000000,1.000000,99999,10000,0,0.000000,1,5,90450102666
100000000,1.000000,99999,1000000000,1.000000,99999,10000,0,0.000000,2,1,59542106715
100000000,1.000000,99999,1000000000,1.000000,99999,10000,0,0.000000,2,2,59592439357
100000000,1.000000,99999,1000000000,1.000000,99999,10000,0,0.000000,2,3,60126511447
100000000,1.000000,99999,1000000000,1.000000,99999,10000,0,0.000000,2,4,59576868519
100000000,1.000000,99999,1000000000,1.000000,99999,10000,0,0.000000,2,5,60122398814
100000000,1.000000,99999,1000000000,1.000000,99999,10000,0,0.000000,4,1,31306116409
100000000,1.000000,99999,1000000000,1.000000,99999,10000,0,0.000000,4,2,31329246074
100000000,1.000000,99999,1000000000,1.000000,99999,10000,0,0.000000,4,3,31553306606
100000000,1.000000,99999,1000000000,1.000000,99999,10000,0,0.000000,4,4,31621153175
100000000,1.000000,99999,1000000000,1.000000,99999,10000,0,0.000000,4,5,31663836824
100000000,1.000000,99999,1000000000,1.000000,99999,10000,0,0.000000,8,1,17276543244
100000000,1.000000,99999,1000000000,1.000000,99999,10000,0,0.000000,8,2,17215080320
100000000,1.000000,99999,1000000000,1.000000,99999,10000,0,0.000000,8,3,17068565653
100000000,1.000000,99999,1000000000,1.000000,99999,10000,0,0.000000,8,4,17139737303
100000000,1.000000,99999,1000000000,1.000000,99999,10000,0,0.000000,8,5,17227205258
100000000,1.000000,99999,1000000000,1.000000,99999,10000,0,0.000000,16,1,13060051689
100000000,1.000000,99999,1000000000,1.000000,99999,10000,0,0.000000,16,2,13085712383
100000000,1.000000,99999,1000000000,1.000000,99999,10000,0,0.000000,16,3,13046564198
100000000,1.000000,99999,1000000000,1.000000,99999,10000,0,0.000000,16,4,13045728949
100000000,1.000000,99999,1000000000,1.000000,99999,10000,0,0.000000,16,5,13033630465
100000000,1.000000,99999,1000000000,1.000000,99999,1000000,0,0.000000,1,1,110730758006
100000000,1.000000,99999,1000000000,1.000000,99999,1000000,0,0.000000,1,2,110710650738
100000000,1.000000,99999,1000000000,1.000000,99999,1000000,0,0.000000,1,3,110654636242
100000000,1.000000,99999,1000000000,1.000000,99999,1000000,0,0.000000,1,4,112029395433
100000000,1.000000,99999,1000000000,1.000000,99999,1000000,0,0.000000,1,5,110686693108
100000000,1.000000,99999,1000000000,1.000000,99999,1000000,0,0.000000,2,1,56312861874
100000000,1.000000,99999,1000000000,1.000000,99999,1000000,0,0.000000,2,2,56321267947
100000000,1.000000,99999,1000000000,1.000000,99999,1000000,0,0.000000,2,3,56315212933
100000000,1.000000,99999,1000000000,1.000000,99999,1000000,0,0.000000,2,4,57007621515
100000000,1.000000,99999,1000000000,1.000000,99999,1000000,0,0.000000,2,5,56843816140
100000000,1.000000,99999,1000000000,1.000000,99999,1000000,0,0.000000,4,1,29214284276
100000000,1.000000,99999,1000000000,1.000000,99999,1000000,0,0.000000,4,2,29186126200
100000000,1.000000,99999,1000000000,1.000000,99999,1000000,0,0.000000,4,3,29292444997
100000000,1.000000,99999,1000000000,1.000000,99999,1000000,0,0.000000,4,4,29429313552
100000000,1.000000,99999,1000000000,1.000000,99999,1000000,0,0.000000,4,5,29617278081
100000000,1.000000,99999,1000000000,1.000000,99999,1000000,0,0.000000,8,1,16213507883
100000000,1.000000,99999,1000000000,1.000000,99999,1000000,0,0.000000,8,2,16328032300
100000000,1.000000,99999,1000000000,1.000000,99999,1000000,0,0.000000,8,3,16241301557
100000000,1.000000,99999,1000000000,1.000000,99999,1000000,0,0.000000,8,4,16210103678
100000000,1.000000,99999,1000000000,1.000000,99999,1000000,0,0.000000,8,5,16197001205
100000000,1.000000,99999,1000000000,1.000000,99999,1000000,0,0.000000,16,1,12810190528
100000000,1.000000,99999,1000000000,1.000000,99999,1000000,0,0.000000,16,2,12772785270
100000000,1.000000,99999,1000000000,1.000000,99999,1000000,0,0.000000,16,3,12749856722
100000000,1.000000,99999,1000000000,1.000000,99999,1000000,0,0.000000,16,4,12773847788
100000000,1.000000,99999,1000000000,1.000000,99999,1000000,0,0.000000,16,5,12749690569
100000000,1.000000,99999,1000000000,1.000000,99999,100000000,0,0.000000,1,1,118922432419
100000000,1.000000,99999,1000000000,1.000000,99999,100000000,0,0.000000,1,2,120672719808
100000000,1.000000,99999,1000000000,1.000000,99999,100000000,0,0.000000,1,3,118972111100
100000000,1.000000,99999,1000000000,1.000000,99999,100000000,0,0.000000,1,4,119088806647
100000000,1.000000,99999,1000000000,1.000000,99999,100000000,0,0.000000,1,5,120558115197
100000000,1.000000,99999,1000000000,1.000000,99999,100000000,0,0.000000,2,1,58802949260
100000000,1.000000,99999,1000000000,1.000000,99999,100000000,0,0.000000,2,2,59400439453
100000000,1.000000,99999,1000000000,1.000000,99999,100000000,0,0.000000,2,3,58883848956
100000000,1.000000,99999,1000000000,1.000000,99999,100000000,0,0.000000,2,4,58816704203
100000000,1.000000,99999,1000000000,1.000000,99999,100000000,0,0.000000,2,5,58860683981
100000000,1.000000,99999,1000000000,1.000000,99999,100000000,0,0.000000,4,1,31134285561
100000000,1.000000,99999,1000000000,1.000000,99999,100000000,0,0.000000,4,2,31102618611
100000000,1.000000,99999,1000000000,1.000000,99999,100000000,0,0.000000,4,3,30857908732
100000000,1.000000,99999,1000000000,1.000000,99999,100000000,0,0.000000,4,4,30976031044
100000000,1.000000,99999,1000000000,1.000000,99999,100000000,0,0.000000,4,5,31038285647
100000000,1.000000,99999,1000000000,1.000000,99999,100000000,0,0.000000,8,1,17176723828
100000000,1.000000,99999,1000000000,1.000000,99999,100000000,0,0.000000,8,2,17038496350
100000000,1.000000,99999,1000000000,1.000000,99999,100000000,0,0.000000,8,3,17115973711
100000000,1.000000,99999,1000000000,1.000000,99999,100000000,0,0.000000,8,4,17241965071
100000000,1.000000,99999,1000000000,1.000000,99999,100000000,0,0.000000,8,5,17129608408
100000000,1.000000,99999,1000000000,1.000000,99999,100000000,0,0.000000,16,1,13565588185
100000000,1.000000,99999,1000000000,1.000000,99999,100000000,0,0.000000,16,2,13531191053
100000000,1.000000,99999,1000000000,1.000000,99999,100000000,0,0.000000,16,3,13547708590
100000000,1.000000,99999,1000000000,1.000000,99999,100000000,0,0.000000,16,4,13603645585
100000000,1.000000,99999,1000000000,1.000000,99999,100000000,0,0.000000,16,5,13540349965
100000000,1.000000,99999,1000000000,1.000000,99999,100000000,100,0.500000,1,1,93334464944
100000000,1.000000,99999,1000000000,1.000000,99999,100000000,100,0.500000,1,2,93431785810
100000000,1.000000,99999,1000000000,1.000000,99999,100000000,100,0.500000,1,3,93397943971
100000000,1.000000,99999,1000000000,1.000000,99999,100000000,100,0.500000,1,4,93433109632
100000000,1.000000,99999,1000000000,1.000000,99999,100000000,100,0.500000,1,5,94899970412
100000000,1.000000,99999,1000000000,1.000000,99999,100000000,100,0.500000,2,1,47146784313
100000000,1.000000,99999,1000000000,1.000000,99999,100000000,100,0.500000,2,2,47934538645
100000000,1.000000,99999,1000000000,1.000000,99999,100000000,100,0.500000,2,3,47288924166
100000000,1.000000,99999,1000000000,1.000000,99999,100000000,100,0.500000,2,4,47211834283
100000000,1.000000,99999,1000000000,1.000000,99999,100000000,100,0.500000,2,5,47859398310
100000000,1.000000,99999,1000000000,1.000000,99999,100000000,100,0.500000,4,1,24443888855
100000000,1.000000,99999,1000000000,1.000000,99999,100000000,100,0.500000,4,2,24417967138
100000000,1.000000,99999,1000000000,1.000000,99999,100000000,100,0.500000,4,3,24488399875
100000000,1.000000,99999,1000000000,1.000000,99999,100000000,100,0.500000,4,4,24642965452
100000000,1.000000,99999,1000000000,1.000000,99999,100000000,100,0.500000,4,5,24764587125
100000000,1.000000,99999,1000000000,1.000000,99999,100000000,100,0.500000,8,1,13647839607
100000000,1.000000,99999,1000000000,1.000000,99999,100000000,100,0.500000,8,2,13631293400
100000000,1.000000,99999,1000000000,1.000000,99999,100000000,100,0.500000,8,3,13606685231
100000000,1.000000,99999,1000000000,1.000000,99999,100000000,100,0.500000,8,4,13638323395
100000000,1.000000,99999,1000000000,1.000000,99999,100000000,100,0.500000,8,5,13679636276
100000000,1.000000,99999,1000000000,1.000000,99999,100000000,100,0.500000,16,1,10842178218
100000000,1.000000,99999,1000000000,1.000000,99999,100000000,100,0.500000,16,2,10778884036
100000000,1.000000,99999,1000000000,1.000000,99999,100000000,100,0.500000,16,3,10824296591
100000000,1.000000,99999,1000000000,1.000000,99999,100000000,100,0.500000,16,4,10856589886
100000000,1.000000,99999,1000000000,1.000000,99999,100000000,100,0.500000,16,5,10790428986
100000000,1.000000,99999,1000000000,1.000000,99999,100000000,100,1.000000,1,1,53153057816
100000000,1.000000,99999,1000000000,1.000000,99999,100000000,100,1.000000,1,2,53313281294
100000000,1.000000,99999,1000000000,1.000000,99999,100000000,100,1.000000,1,3,53280846525
100000000,1.000000,99999,1000000000,1.000000,99999,100000000,100,1.000000,1,4,53188685088
100000000,1.000000,99999,1000000000,1.000000,99999,100000000,100,1.000000,1,5,53210314936
100000000,1.000000,99999,1000000000,1.000000,99999,100000000,100,1.000000,2,1,27158976349
100000000,1.000000,99999,1000000000,1.000000,99999,100000000,100,1.000000,2,2,26801319515
100000000,1.000000,99999,1000000000,1.000000,99999,100000000,100,1.000000,2,3,27258665995
100000000,1.000000,99999,1000000000,1.000000,99999,100000000,100,1.000000,2,4,27168914150
100000000,1.000000,99999,1000000000,1.000000,99999,100000000,100,1.000000,2,5,27096802462
100000000,1.000000,99999,1000000000,1.000000,99999,100000000,100,1.000000,4,1,14148025862
100000000,1.000000,99999,1000000000,1.000000,99999,100000000,100,1.000000,4,2,14211122473
100000000,1.000000,99999,1000000000,1.000000,99999,100000000,100,1.000000,4,3,14180205768
100000000,1.000000,99999,1000000000,1.000000,99999,100000000,100,1.000000,4,4,14198328173
100000000,1.000000,99999,1000000000,1.000000,99999,100000000,100,1.000000,4,5,14201048887
100000000,1.000000,99999,1000000000,1.000000,99999,100000000,100,1.000000,8,1,8395145872
100000000,1.000000,99999,1000000000,1.000000,99999,100000000,100,1.000000,8,2,8320455439
100000000,1.000000,99999,1000000000,1.000000,99999,100000000,100,1.000000,8,3,8373799231
100000000,1.000000,99999,1000000000,1.000000,99999,100000000,100,1.000000,8,4,8330477290
100000000,1.000000,99999,1000000000,1.000000,99999,100000000,100,1.000000,8,5,8365196599
100000000,1.000000,99999,1000000000,1.000000,99999,100000000,100,1.000000,16,1,6964801334
100000000,1.000000,99999,1000000000,1.000000,99999,100000000,100,1.000000,16,2,6925251177
100000000,1.000000,99999,1000000000,1.000000,99999,100000000,100,1.000000,16,3,6937916418
100000000,1.000000,99999,1000000000,1.000000,99999,100000000,100,1.000000,16,4,6968236848
100000000,1.000000,99999,1000000000,1.000000,99999,100000000,100,1.000000,16,5,6945427842
100000000,1.000000,99999,1000000000,1.000000,99999,100000000,10000,1.000000,1,1,94857153074
100000000,1.000000,99999,1000000000,1.000000,99999,100000000,10000,1.000000,1,2,94856770587
100000000,1.000000,99999,1000000000,1.000000,99999,100000000,10000,1.000000,1,3,94858977073
100000000,1.000000,99999,1000000000,1.000000,99999,100000000,10000,1.000000,1,4,94987336814
100000000,1.000000,99999,1000000000,1.000000,99999,100000000,10000,1.000000,1,5,94810061112
100000000,1.000000,99999,1000000000,1.000000,99999,100000000,10000,1.000000,2,1,51818620618
100000000,1.000000,99999,1000000000,1.000000,99999,100000000,10000,1.000000,2,2,51001123259
100000000,1.000000,99999,1000000000,1.000000,99999,100000000,10000,1.000000,2,3,51027722206
100000000,1.000000,99999,1000000000,1.000000,99999,100000000,10000,1.000000,2,4,51043829609
100000000,1.000000,99999,1000000000,1.000000,99999,100000000,10000,1.000000,2,5,51188447798
100000000,1.000000,99999,1000000000,1.000000,99999,100000000,10000,1.000000,4,1,26341719667
100000000,1.000000,99999,1000000000,1.000000,99999,100000000,10000,1.000000,4,2,26345621963
100000000,1.000000,99999,1000000000,1.000000,99999,100000000,10000,1.000000,4,3,26592647077
100000000,1.000000,99999,1000000000,1.000000,99999,100000000,10000,1.000000,4,4,26463228225
100000000,1.000000,99999,1000000000,1.000000,99999,100000000,10000,1.000000,4,5,26741190400
100000000,1.000000,99999,1000000000,1.000000,99999,100000000,10000,1.000000,8,1,14544334674
100000000,1.000000,99999,1000000000,1.000000,99999,100000000,10000,1.000000,8,2,14543702967
100000000,1.000000,99999,1000000000,1.000000,99999,100000000,10000,1.000000,8,3,14703333657
100000000,1.000000,99999,1000000000,1.000000,99999,100000000,10000,1.000000,8,4,14574050134
100000000,1.000000,99999,1000000000,1.000000,99999,100000000,10000,1.000000,8,5,14405221261
100000000,1.000000,99999,1000000000,1.000000,99999,100000000,10000,1.000000,16,1,11209939102
100000000,1.000000,99999,1000000000,1.000000,99999,100000000,10000,1.000000,16,2,11156614464
100000000,1.000000,99999,1000000000,1.000000,99999,100000000,10000,1.000000,16,3,11171796270
100000000,1.000000,99999,1000000000,1.000000,99999,100000000,10000,1.000000,16,4,11259385100
100000000,1.000000,99999,1000000000,1.000000,99999,100000000,10000,1.000000,16,5,11167055055
